twinPointId,Site,Building,Level,Space,Equipment,deviceType,Point,pointType,pointSpecification,hasQuantity,unit,minPresValue,maxPresValue,pointAddress,description
22be59f4-a375-43f1-acfb-d6e4a5da0a1b,site_tokyo_001,building_A,level_1F,room_101,pac_001,dtmi:sbco:equipment:PackageAirConditioner:PAC_28GV:1,pac_001_power,switch,Command,Active_Power,,,,40001,会議室101 エアコン1 電源
3e4695c2-1bb5-43a7-ad52-92fc31719e9e,site_tokyo_001,building_A,level_1F,room_101,pac_001,dtmi:sbco:equipment:PackageAirConditioner:PAC_28GV:1,pac_001_mode,operation_mode,Command,,,,,40002,会議室101 エアコン1 運転モード
4cffb27a-a91d-45c7-8b3c-394a04ca5a6d,site_tokyo_001,building_A,level_1F,room_101,pac_001,dtmi:sbco:equipment:PackageAirConditioner:PAC_28GV:1,pac_001_setpoint_temp,temperature_setpoint,Setpoint,Temperature,celsius,18,30,40003,会議室101 エアコン1 設定温度
37af1e6b-06b4-4b11-9db4-719d5928764e,site_tokyo_001,building_A,level_1F,room_101,pac_001,dtmi:sbco:equipment:PackageAirConditioner:PAC_28GV:1,pac_001_return_temp,temperature_sensor,Measurement,Dry_Bulb_Temperature,celsius,-10,50,30001,会議室101 エアコン1 吸込温度
95cbbe1b-34da-45ba-8128-8dd452ec2e34,site_tokyo_001,building_A,level_1F,room_101,pac_001,dtmi:sbco:equipment:PackageAirConditioner:PAC_28GV:1,pac_001_status,operation_status,Status,,,,,10001,会議室101 エアコン1 運転状態
df46f18c-ea39-4108-800b-ad55e74b2264,site_tokyo_001,building_A,level_1F,room_101,lighting_001,dtmi:sbco:equipment:LightingFixture:LED_PNL_40W:1,lighting_001_switch,light_switch,Command,,,,,DO01,会議室101 照明1 スイッチ
924ebae7-6415-4c63-9c57-56ab2269770f,site_tokyo_001,building_A,level_1F,room_101,lighting_001,dtmi:sbco:equipment:LightingFixture:LED_PNL_40W:1,lighting_001_dimmer,dimmer_level,Setpoint,,percent,0,100,AO01,会議室101 照明1 調光レベル
b93718a4-2768-4182-96a2-837fb14565a2,site_tokyo_001,building_A,level_1F,room_101,lighting_001,dtmi:sbco:equipment:LightingFixture:LED_PNL_40W:1,lighting_001_status,light_status,Status,,,,,DI01,会議室101 照明1 点灯状態
24b4949b-eab7-4270-8d84-e1576f36eadf,site_tokyo_001,building_A,level_1F,room_101,lighting_002,dtmi:sbco:equipment:LightingFixture:LED_PNL_40W:1,lighting_002_switch,light_switch,Command,,,,,DO02,会議室101 照明2 スイッチ
2609a7ba-4071-42fa-a12b-6672b349f741,site_tokyo_001,building_A,level_1F,room_101,lighting_002,dtmi:sbco:equipment:LightingFixture:LED_PNL_40W:1,lighting_002_dimmer,dimmer_level,Setpoint,,percent,0,100,AO02,会議室101 照明2 調光レベル
19bfcb3e-8856-430e-b647-86fce23c440d,site_tokyo_001,building_A,level_1F,room_101,lighting_002,dtmi:sbco:equipment:LightingFixture:LED_PNL_40W:1,lighting_002_status,light_status,Status,,,,,DI02,会議室101 照明2 点灯状態
3eb540af-dbf2-4eb9-be24-1d5483602450,site_tokyo_001,building_A,level_1F,room_101,sensor_001,dtmi:sbco:equipment:EnvironmentalSensor:ENV_MULTI_01:1,sensor_001_temp,temperature_sensor,Measurement,Dry_Bulb_Temperature,celsius,-10,50,1,会議室101 環境センサー1 温度
588d1d42-6828-4adf-853e-d3de162f434f,site_tokyo_001,building_A,level_1F,room_101,sensor_001,dtmi:sbco:equipment:EnvironmentalSensor:ENV_MULTI_01:1,sensor_001_humidity,humidity_sensor,Measurement,Relative_Humidity,percent,0,100,2,会議室101 環境センサー1 湿度
ee2ec4de-0567-432c-9818-d361bd66bb23,site_tokyo_001,building_A,level_1F,room_101,sensor_001,dtmi:sbco:equipment:EnvironmentalSensor:ENV_MULTI_01:1,sensor_001_co2,co2_sensor,Measurement,CO2_Concentration,ppm,0,5000,3,会議室101 環境センサー1 CO2濃度
6dcf5f3b-6c6b-494e-b5c3-a6fbc76a3036,site_tokyo_001,building_A,level_1F,room_101,sensor_001,dtmi:sbco:equipment:EnvironmentalSensor:ENV_MULTI_01:1,sensor_001_status,sensor_status,Status,,,,,100,会議室101 環境センサー1 状態
3d48e982-30d4-40cc-b7ee-b9d47162b179,site_tokyo_001,building_A,level_1F,room_101,sensor_002,dtmi:sbco:equipment:EnvironmentalSensor:TEMP_ONLY_01:1,sensor_002_temp,temperature_sensor,Measurement,Dry_Bulb_Temperature,celsius,-10,50,11,会議室101 温度センサー2 温度
494e2ef0-a9ca-40ba-8cba-6becfc864e91,site_tokyo_001,building_A,level_1F,room_101,sensor_002,dtmi:sbco:equipment:EnvironmentalSensor:TEMP_ONLY_01:1,sensor_002_status,sensor_status,Status,,,,,110,会議室101 温度センサー2 状態
b3d45282-6c2f-4cc9-a2e4-6f0e3cf9d028,site_tokyo_001,building_A,level_1F,room_102,pac_002,dtmi:sbco:equipment:PackageAirConditioner:PAC_28GV:1,pac_002_power,switch,Command,Active_Power,,,,40101,事務室102 エアコン1 電源
81aa2756-7191-481a-ace3-b52736989140,site_tokyo_001,building_A,level_1F,room_102,pac_002,dtmi:sbco:equipment:PackageAirConditioner:PAC_28GV:1,pac_002_mode,operation_mode,Command,,,,,40102,事務室102 エアコン1 運転モード
97c2fb18-3256-4259-8fac-04e8c2f360bd,site_tokyo_001,building_A,level_1F,room_102,pac_002,dtmi:sbco:equipment:PackageAirConditioner:PAC_28GV:1,pac_002_setpoint_temp,temperature_setpoint,Setpoint,Temperature,celsius,18,30,40103,事務室102 エアコン1 設定温度
3c44dcad-d739-412c-80d5-a71f1cc1a11f,site_tokyo_001,building_A,level_1F,room_102,pac_002,dtmi:sbco:equipment:PackageAirConditioner:PAC_28GV:1,pac_002_return_temp,temperature_sensor,Measurement,Dry_Bulb_Temperature,celsius,-10,50,30101,事務室102 エアコン1 吸込温度
cd065217-c058-4c82-a0a4-0d350729669d,site_tokyo_001,building_A,level_1F,room_102,pac_002,dtmi:sbco:equipment:PackageAirConditioner:PAC_28GV:1,pac_002_status,operation_status,Status,,,,,10101,事務室102 エアコン1 運転状態
b72016fb-aff1-4813-89d5-99510d792dca,site_tokyo_001,building_A,level_1F,room_102,pac_003,dtmi:sbco:equipment:PackageAirConditioner:PAC_28GV:1,pac_003_power,switch,Command,Active_Power,,,,40111,事務室102 エアコン2 電源
1620b850-7a05-4504-863f-b8525ed81b65,site_tokyo_001,building_A,level_1F,room_102,pac_003,dtmi:sbco:equipment:PackageAirConditioner:PAC_28GV:1,pac_003_mode,operation_mode,Command,,,,,40112,事務室102 エアコン2 運転モード
9d0c2f1e-96ea-4e11-9ba6-144708ff4f6c,site_tokyo_001,building_A,level_1F,room_102,pac_003,dtmi:sbco:equipment:PackageAirConditioner:PAC_28GV:1,pac_003_setpoint_temp,temperature_setpoint,Setpoint,Temperature,celsius,18,30,40113,事務室102 エアコン2 設定温度
a378307e-1172-4935-8def-3348e30d73e9,site_tokyo_001,building_A,level_1F,room_102,pac_003,dtmi:sbco:equipment:PackageAirConditioner:PAC_28GV:1,pac_003_return_temp,temperature_sensor,Measurement,Dry_Bulb_Temperature,celsius,-10,50,30111,事務室102 エアコン2 吸込温度
4b5a466b-db84-40b7-87fd-42fad3e45e01,site_tokyo_001,building_A,level_1F,room_102,pac_003,dtmi:sbco:equipment:PackageAirConditioner:PAC_28GV:1,pac_003_status,operation_status,Status,,,,,10111,事務室102 エアコン2 運転状態
5dfc9152-843a-4319-9e02-23f3b637f0b5,site_tokyo_001,building_A,level_1F,room_102,lighting_003,dtmi:sbco:equipment:LightingFixture:LED_PNL_40W:1,lighting_003_switch,light_switch,Command,,,,,DO11,事務室102 照明1 スイッチ
7e1e9382-3dfc-4ceb-8a1b-309d8de841fe,site_tokyo_001,building_A,level_1F,room_102,lighting_003,dtmi:sbco:equipment:LightingFixture:LED_PNL_40W:1,lighting_003_dimmer,dimmer_level,Setpoint,,percent,0,100,AO11,事務室102 照明1 調光レベル
88936062-9e10-4d09-acaf-f0090a34015f,site_tokyo_001,building_A,level_1F,room_102,lighting_003,dtmi:sbco:equipment:LightingFixture:LED_PNL_40W:1,lighting_003_status,light_status,Status,,,,,DI11,事務室102 照明1 点灯状態
37dfc0c9-c645-406c-814e-21194e4cc736,site_tokyo_001,building_A,level_1F,room_102,lighting_004,dtmi:sbco:equipment:LightingFixture:LED_PNL_40W:1,lighting_004_switch,light_switch,Command,,,,,DO12,事務室102 照明2 スイッチ
6e44ba12-34d2-4edb-91b9-03ce57789d47,site_tokyo_001,building_A,level_1F,room_102,lighting_004,dtmi:sbco:equipment:LightingFixture:LED_PNL_40W:1,lighting_004_dimmer,dimmer_level,Setpoint,,percent,0,100,AO12,事務室102 照明2 調光レベル
783eb0ec-10cf-403d-956a-5dfb65c738f5,site_tokyo_001,building_A,level_1F,room_102,lighting_004,dtmi:sbco:equipment:LightingFixture:LED_PNL_40W:1,lighting_004_status,light_status,Status,,,,,DI12,事務室102 照明2 点灯状態
68e855fb-d6dc-447c-b97c-50a0b318c78e,site_tokyo_001,building_A,level_1F,room_102,lighting_005,dtmi:sbco:equipment:LightingFixture:LED_PNL_40W:1,lighting_005_switch,light_switch,Command,,,,,DO13,事務室102 照明3 スイッチ
a2f669f1-3af4-4f05-8766-ba4649fc14ab,site_tokyo_001,building_A,level_1F,room_102,lighting_005,dtmi:sbco:equipment:LightingFixture:LED_PNL_40W:1,lighting_005_dimmer,dimmer_level,Setpoint,,percent,0,100,AO13,事務室102 照明3 調光レベル
7a5a8c59-e5ec-4aff-92cb-49933de8cccc,site_tokyo_001,building_A,level_1F,room_102,lighting_005,dtmi:sbco:equipment:LightingFixture:LED_PNL_40W:1,lighting_005_status,light_status,Status,,,,,DI13,事務室102 照明3 点灯状態
bc1d7bdf-63d0-4cda-8511-d4a1ee023d45,site_tokyo_001,building_A,level_1F,room_102,sensor_003,dtmi:sbco:equipment:EnvironmentalSensor:ENV_MULTI_01:1,sensor_003_temp,temperature_sensor,Measurement,Dry_Bulb_Temperature,celsius,-10,50,21,事務室102 環境センサー1 温度
433eb826-e270-4f64-9118-6ff5f15bfcb6,site_tokyo_001,building_A,level_1F,room_102,sensor_003,dtmi:sbco:equipment:EnvironmentalSensor:ENV_MULTI_01:1,sensor_003_humidity,humidity_sensor,Measurement,Relative_Humidity,percent,0,100,22,事務室102 環境センサー1 湿度
1600563b-fee0-4ece-b578-a73e847af50d,site_tokyo_001,building_A,level_1F,room_102,sensor_003,dtmi:sbco:equipment:EnvironmentalSensor:ENV_MULTI_01:1,sensor_003_co2,co2_sensor,Measurement,CO2_Concentration,ppm,0,5000,23,事務室102 環境センサー1 CO2濃度
532243ca-6da7-4fb1-9a68-d11646e6e8b4,site_tokyo_001,building_A,level_1F,room_102,sensor_003,dtmi:sbco:equipment:EnvironmentalSensor:ENV_MULTI_01:1,sensor_003_status,sensor_status,Status,,,,,120,事務室102 環境センサー1 状態
12aacb38-03ec-4752-a1be-ce6f2c3def60,site_tokyo_001,building_A,level_1F,room_102,sensor_004,dtmi:sbco:equipment:EnvironmentalSensor:ENV_MULTI_01:1,sensor_004_temp,temperature_sensor,Measurement,Dry_Bulb_Temperature,celsius,-10,50,31,事務室102 環境センサー2 温度
d61e49de-0441-4558-9583-866346968406,site_tokyo_001,building_A,level_1F,room_102,sensor_004,dtmi:sbco:equipment:EnvironmentalSensor:ENV_MULTI_01:1,sensor_004_humidity,humidity_sensor,Measurement,Relative_Humidity,percent,0,100,32,事務室102 環境センサー2 湿度
33b9a597-6d30-4b72-af0b-30046fabc799,site_tokyo_001,building_A,level_1F,room_102,sensor_004,dtmi:sbco:equipment:EnvironmentalSensor:ENV_MULTI_01:1,sensor_004_co2,co2_sensor,Measurement,CO2_Concentration,ppm,0,5000,33,事務室102 環境センサー2 CO2濃度
a9caf759-f6f1-44df-96b5-09c0453380cc,site_tokyo_001,building_A,level_1F,room_102,sensor_004,dtmi:sbco:equipment:EnvironmentalSensor:ENV_MULTI_01:1,sensor_004_status,sensor_status,Status,,,,,130,事務室102 環境センサー2 状態
842b5b36-ef2a-468e-b988-29ca0dc001b4,site_tokyo_001,building_A,level_1F,room_102,sensor_005,dtmi:sbco:equipment:EnvironmentalSensor:TEMP_ONLY_01:1,sensor_005_temp,temperature_sensor,Measurement,Dry_Bulb_Temperature,celsius,-10,50,41,事務室102 温度センサー3 温度
94977752-13db-494f-b601-76e231bec3a5,site_tokyo_001,building_A,level_1F,room_102,sensor_005,dtmi:sbco:equipment:EnvironmentalSensor:TEMP_ONLY_01:1,sensor_005_status,sensor_status,Status,,,,,140,事務室102 温度センサー3 状態
12499806-b5f1-4c42-9d43-43d613063271,site_tokyo_001,building_A,level_1F,room_103,lighting_006,dtmi:sbco:equipment:LightingFixture:LED_PNL_40W:1,lighting_006_switch,light_switch,Command,,,,,DO21,受付103 照明1 スイッチ
83856657-b229-4fc1-b59f-d977f1fe8565,site_tokyo_001,building_A,level_1F,room_103,lighting_006,dtmi:sbco:equipment:LightingFixture:LED_PNL_40W:1,lighting_006_dimmer,dimmer_level,Setpoint,,percent,0,100,AO21,受付103 照明1 調光レベル
6ec10b7c-e3b5-4e2b-b087-efcc3c8e9930,site_tokyo_001,building_A,level_1F,room_103,lighting_006,dtmi:sbco:equipment:LightingFixture:LED_PNL_40W:1,lighting_006_status,light_status,Status,,,,,DI21,受付103 照明1 点灯状態
191c5d0f-1bfc-4f20-a15a-3552e033e43b,site_tokyo_001,building_A,level_1F,room_103,sensor_006,dtmi:sbco:equipment:EnvironmentalSensor:ENV_MULTI_01:1,sensor_006_temp,temperature_sensor,Measurement,Dry_Bulb_Temperature,celsius,-10,50,51,受付103 環境センサー1 温度
25945ca2-d0c6-4c05-8485-6bc204f6d08c,site_tokyo_001,building_A,level_1F,room_103,sensor_006,dtmi:sbco:equipment:EnvironmentalSensor:ENV_MULTI_01:1,sensor_006_humidity,humidity_sensor,Measurement,Relative_Humidity,percent,0,100,52,受付103 環境センサー1 湿度
ba78e093-246f-4545-98cc-52b03021d002,site_tokyo_001,building_A,level_1F,room_103,sensor_006,dtmi:sbco:equipment:EnvironmentalSensor:ENV_MULTI_01:1,sensor_006_co2,co2_sensor,Measurement,CO2_Concentration,ppm,0,5000,53,受付103 環境センサー1 CO2濃度
14523729-db82-4fa4-8e65-bb35a0a11f73,site_tokyo_001,building_A,level_1F,room_103,sensor_006,dtmi:sbco:equipment:EnvironmentalSensor:ENV_MULTI_01:1,sensor_006_status,sensor_status,Status,,,,,150,受付103 環境センサー1 状態
644d4873-d647-415c-984d-05b97c1efe8d,site_tokyo_001,building_A,level_1F,room_104,lighting_007,dtmi:sbco:equipment:LightingFixture:LED_PNL_40W:1,lighting_007_switch,light_switch,Command,,,,,DO31,倉庫104 照明1 スイッチ
ffca5f81-c479-4e59-8502-d67a235b8013,site_tokyo_001,building_A,level_1F,room_104,lighting_007,dtmi:sbco:equipment:LightingFixture:LED_PNL_40W:1,lighting_007_status,light_status,Status,,,,,DI31,倉庫104 照明1 点灯状態
830834a3-ba49-42e9-9ea5-df33b798ef71,site_tokyo_001,building_A,level_1F,room_104,sensor_007,dtmi:sbco:equipment:EnvironmentalSensor:TEMP_ONLY_01:1,sensor_007_temp,temperature_sensor,Measurement,Dry_Bulb_Temperature,celsius,-10,50,61,倉庫104 温度センサー1 温度
1eeebef5-6209-43eb-b671-86608586c6d5,site_tokyo_001,building_A,level_1F,room_104,sensor_007,dtmi:sbco:equipment:EnvironmentalSensor:TEMP_ONLY_01:1,sensor_007_status,sensor_status,Status,,,,,160,倉庫104 温度センサー1 状態
8a2b050d-f459-49e2-9eb0-174875df22df,site_tokyo_001,building_A,level_1F,room_105,pac_004,dtmi:sbco:equipment:PackageAirConditioner:PAC_28GV:1,pac_004_power,switch,Command,Active_Power,,,,40501,サーバー室105 エアコン1 電源
6c03d747-a1fb-43a4-b6a6-6950b1e4f020,site_tokyo_001,building_A,level_1F,room_105,pac_004,dtmi:sbco:equipment:PackageAirConditioner:PAC_28GV:1,pac_004_mode,operation_mode,Command,,,,,40502,サーバー室105 エアコン1 運転モード
c2439aae-733e-4ef7-a996-9613b39496c9,site_tokyo_001,building_A,level_1F,room_105,pac_004,dtmi:sbco:equipment:PackageAirConditioner:PAC_28GV:1,pac_004_setpoint_temp,temperature_setpoint,Setpoint,Temperature,celsius,18,30,40503,サーバー室105 エアコン1 設定温度
687cc58a-2427-4661-bcb6-df4ab355cd08,site_tokyo_001,building_A,level_1F,room_105,pac_004,dtmi:sbco:equipment:PackageAirConditioner:PAC_28GV:1,pac_004_return_temp,temperature_sensor,Measurement,Dry_Bulb_Temperature,celsius,-10,50,30501,サーバー室105 エアコン1 吸込温度
9998b89d-d3d1-450d-925d-69cec6e55c56,site_tokyo_001,building_A,level_1F,room_105,pac_004,dtmi:sbco:equipment:PackageAirConditioner:PAC_28GV:1,pac_004_status,operation_status,Status,,,,,10501,サーバー室105 エアコン1 運転状態
2496f06c-252f-4851-875f-69fd3dbeb393,site_tokyo_001,building_A,level_1F,room_105,pac_005,dtmi:sbco:equipment:PackageAirConditioner:PAC_28GV:1,pac_005_power,switch,Command,Active_Power,,,,40511,サーバー室105 エアコン2 電源
91981fef-f754-4ee8-93f2-7f0cca3bfbc2,site_tokyo_001,building_A,level_1F,room_105,pac_005,dtmi:sbco:equipment:PackageAirConditioner:PAC_28GV:1,pac_005_mode,operation_mode,Command,,,,,40512,サーバー室105 エアコン2 運転モード
b1ba1949-c8d4-4ddd-9fc1-c5ef48228fab,site_tokyo_001,building_A,level_1F,room_105,pac_005,dtmi:sbco:equipment:PackageAirConditioner:PAC_28GV:1,pac_005_setpoint_temp,temperature_setpoint,Setpoint,Temperature,celsius,18,30,40513,サーバー室105 エアコン2 設定温度
c30100e7-7a10-4dde-91f3-859ebcdc4c4a,site_tokyo_001,building_A,level_1F,room_105,pac_005,dtmi:sbco:equipment:PackageAirConditioner:PAC_28GV:1,pac_005_return_temp,temperature_sensor,Measurement,Dry_Bulb_Temperature,celsius,-10,50,30511,サーバー室105 エアコン2 吸込温度
5ec031e1-5fcc-4d39-b252-162650da318c,site_tokyo_001,building_A,level_1F,room_105,pac_005,dtmi:sbco:equipment:PackageAirConditioner:PAC_28GV:1,pac_005_status,operation_status,Status,,,,,10511,サーバー室105 エアコン2 運転状態
4615d163-cfd3-41a8-a9e0-ef80c6110692,site_tokyo_001,building_A,level_1F,room_105,lighting_008,dtmi:sbco:equipment:LightingFixture:LED_PNL_40W:1,lighting_008_switch,light_switch,Command,,,,,DO41,サーバー室105 照明1 スイッチ
ca534a73-e7b1-46ac-b2d1-003745d66b1a,site_tokyo_001,building_A,level_1F,room_105,lighting_008,dtmi:sbco:equipment:LightingFixture:LED_PNL_40W:1,lighting_008_status,light_status,Status,,,,,DI41,サーバー室105 照明1 点灯状態
92899bd3-44b1-4210-ac65-7b839ec452c9,site_tokyo_001,building_A,level_1F,room_105,sensor_008,dtmi:sbco:equipment:EnvironmentalSensor:ENV_MULTI_01:1,sensor_008_temp,temperature_sensor,Measurement,Dry_Bulb_Temperature,celsius,-10,50,71,サーバー室105 環境センサー1 温度
4dd1b14b-81ef-402a-ac34-933910dad6a6,site_tokyo_001,building_A,level_1F,room_105,sensor_008,dtmi:sbco:equipment:EnvironmentalSensor:ENV_MULTI_01:1,sensor_008_humidity,humidity_sensor,Measurement,Relative_Humidity,percent,0,100,72,サーバー室105 環境センサー1 湿度
56a4756f-1118-4159-8fcb-482347bcbb12,site_tokyo_001,building_A,level_1F,room_105,sensor_008,dtmi:sbco:equipment:EnvironmentalSensor:ENV_MULTI_01:1,sensor_008_co2,co2_sensor,Measurement,CO2_Concentration,ppm,0,5000,73,サーバー室105 環境センサー1 CO2濃度
ba31083f-9c13-4e99-b972-091ba91bf243,site_tokyo_001,building_A,level_1F,room_105,sensor_008,dtmi:sbco:equipment:EnvironmentalSensor:ENV_MULTI_01:1,sensor_008_status,sensor_status,Status,,,,,170,サーバー室105 環境センサー1 状態
07ee560b-5434-41f3-b579-56cb22eb2552,site_tokyo_001,building_A,level_1F,room_105,sensor_009,dtmi:sbco:equipment:EnvironmentalSensor:TEMP_ONLY_01:1,sensor_009_temp,temperature_sensor,Measurement,Dry_Bulb_Temperature,celsius,-10,50,81,サーバー室105 温度センサー2 温度
37f291c8-993c-4193-9f2d-66c3122c4239,site_tokyo_001,building_A,level_1F,room_105,sensor_009,dtmi:sbco:equipment:EnvironmentalSensor:TEMP_ONLY_01:1,sensor_009_status,sensor_status,Status,,,,,180,サーバー室105 温度センサー2 状態
92fe7938-7fbb-41b1-ab81-ea3e283b28a9,site_tokyo_001,building_A,level_1F,room_105,sensor_010,dtmi:sbco:equipment:EnvironmentalSensor:TEMP_ONLY_01:1,sensor_010_temp,temperature_sensor,Measurement,Dry_Bulb_Temperature,celsius,-10,50,91,サーバー室105 温度センサー3 温度
760c86d0-57a6-4e84-8759-4e8473bbc145,site_tokyo_001,building_A,level_1F,room_105,sensor_010,dtmi:sbco:equipment:EnvironmentalSensor:TEMP_ONLY_01:1,sensor_010_status,sensor_status,Status,,,,,190,サーバー室105 温度センサー3 状態
0fcb1c9e-78af-416d-9f21-8b32dd5a858d,site_tokyo_001,building_A,level_1F,room_105,sensor_011,dtmi:sbco:equipment:EnvironmentalSensor:TEMP_ONLY_01:1,sensor_011_temp,temperature_sensor,Measurement,Dry_Bulb_Temperature,celsius,-10,50,101,サーバー室105 温度センサー4 温度
27f7d3c0-ebe3-4c90-a261-2917ec5d4b37,site_tokyo_001,building_A,level_1F,room_105,sensor_011,dtmi:sbco:equipment:EnvironmentalSensor:TEMP_ONLY_01:1,sensor_011_status,sensor_status,Status,,,,,200,サーバー室105 温度センサー4 状態
1444a4cb-4706-4112-a803-a2d9382e291f,site_tokyo_001,building_A,level_1F,room_106,pac_006,dtmi:sbco:equipment:PackageAirConditioner:PAC_28GV:1,pac_006_power,switch,Command,Active_Power,,,,40601,休憩室106 エアコン1 電源
d5c774ed-30fe-43f0-9848-8deef08bd7f5,site_tokyo_001,building_A,level_1F,room_106,pac_006,dtmi:sbco:equipment:PackageAirConditioner:PAC_28GV:1,pac_006_mode,operation_mode,Command,,,,,40602,休憩室106 エアコン1 運転モード
c9c35d7e-1a7a-4524-81a1-6c62fa1205f5,site_tokyo_001,building_A,level_1F,room_106,pac_006,dtmi:sbco:equipment:PackageAirConditioner:PAC_28GV:1,pac_006_setpoint_temp,temperature_setpoint,Setpoint,Temperature,celsius,18,30,40603,休憩室106 エアコン1 設定温度
a9ae5b0b-b1ad-479a-b21c-9ef5ecd52f1e,site_tokyo_001,building_A,level_1F,room_106,pac_006,dtmi:sbco:equipment:PackageAirConditioner:PAC_28GV:1,pac_006_return_temp,temperature_sensor,Measurement,Dry_Bulb_Temperature,celsius,-10,50,30601,休憩室106 エアコン1 吸込温度
1f949ce3-dfef-4ca6-9738-4aa8f9e1080a,site_tokyo_001,building_A,level_1F,room_106,pac_006,dtmi:sbco:equipment:PackageAirConditioner:PAC_28GV:1,pac_006_status,operation_status,Status,,,,,10601,休憩室106 エアコン1 運転状態
d15c5332-0020-4afe-94d8-aac8d15fc081,site_tokyo_001,building_A,level_1F,room_106,lighting_009,dtmi:sbco:equipment:LightingFixture:LED_PNL_40W:1,lighting_009_switch,light_switch,Command,,,,,DO51,休憩室106 照明1 スイッチ
7b171769-1499-4ac4-9a53-9d0af12a85ca,site_tokyo_001,building_A,level_1F,room_106,lighting_009,dtmi:sbco:equipment:LightingFixture:LED_PNL_40W:1,lighting_009_dimmer,dimmer_level,Setpoint,,percent,0,100,AO51,休憩室106 照明1 調光レベル
4f32da6c-7ced-4584-b1e2-1566d2d88330,site_tokyo_001,building_A,level_1F,room_106,lighting_009,dtmi:sbco:equipment:LightingFixture:LED_PNL_40W:1,lighting_009_status,light_status,Status,,,,,DI51,休憩室106 照明1 点灯状態
a9e3705b-fafa-47e9-99e2-edce8a8e6fe2,site_tokyo_001,building_A,level_1F,room_106,sensor_012,dtmi:sbco:equipment:EnvironmentalSensor:ENV_MULTI_01:1,sensor_012_temp,temperature_sensor,Measurement,Dry_Bulb_Temperature,celsius,-10,50,111,休憩室106 環境センサー1 温度
5a0f5c02-1ad1-45f6-9b77-7b8c5bba37a9,site_tokyo_001,building_A,level_1F,room_106,sensor_012,dtmi:sbco:equipment:EnvironmentalSensor:ENV_MULTI_01:1,sensor_012_humidity,humidity_sensor,Measurement,Relative_Humidity,percent,0,100,112,休憩室106 環境センサー1 湿度
abb4dbdd-f5e7-4b10-969a-5ebdc5dac48a,site_tokyo_001,building_A,level_1F,room_106,sensor_012,dtmi:sbco:equipment:EnvironmentalSensor:ENV_MULTI_01:1,sensor_012_co2,co2_sensor,Measurement,CO2_Concentration,ppm,0,5000,113,休憩室106 環境センサー1 CO2濃度
7fdaa47d-b79f-4e42-88d4-dbf688cc43b6,site_tokyo_001,building_A,level_1F,room_106,sensor_012,dtmi:sbco:equipment:EnvironmentalSensor:ENV_MULTI_01:1,sensor_012_status,sensor_status,Status,,,,,210,休憩室106 環境センサー1 状態
fabe1c16-1236-46a7-85dd-feeaa85d69b1,site_tokyo_001,building_A,level_1F,room_106,sensor_013,dtmi:sbco:equipment:EnvironmentalSensor:TEMP_ONLY_01:1,sensor_013_temp,temperature_sensor,Measurement,Dry_Bulb_Temperature,celsius,-10,50,121,休憩室106 温度センサー2 温度
e66c950b-d666-4620-a578-e929f90436e4,site_tokyo_001,building_A,level_1F,room_106,sensor_013,dtmi:sbco:equipment:EnvironmentalSensor:TEMP_ONLY_01:1,sensor_013_status,sensor_status,Status,,,,,220,休憩室106 温度センサー2 状態
21ef92e7-212f-4834-a0bb-d650713691d3,site_tokyo_001,building_A,level_2F,room_201,pac_007,dtmi:sbco:equipment:PackageAirConditioner:PAC_56GV:1,pac_007_power,switch,Command,Active_Power,,,,41001,大会議室201 エアコン1 電源
233372d9-c55f-401a-b8a4-b8d66cb54d53,site_tokyo_001,building_A,level_2F,room_201,pac_007,dtmi:sbco:equipment:PackageAirConditioner:PAC_56GV:1,pac_007_mode,operation_mode,Command,,,,,41002,大会議室201 エアコン1 運転モード
227a12c5-c244-4c7f-9db4-5395f4fb4101,site_tokyo_001,building_A,level_2F,room_201,pac_007,dtmi:sbco:equipment:PackageAirConditioner:PAC_56GV:1,pac_007_setpoint_temp,temperature_setpoint,Setpoint,Temperature,celsius,18,30,41003,大会議室201 エアコン1 設定温度
91dc19cd-3ad4-4f52-86c7-10dde94fbefa,site_tokyo_001,building_A,level_2F,room_201,pac_007,dtmi:sbco:equipment:PackageAirConditioner:PAC_56GV:1,pac_007_return_temp,temperature_sensor,Measurement,Dry_Bulb_Temperature,celsius,-10,50,31001,大会議室201 エアコン1 吸込温度
586eac79-5060-483f-a09a-14baead0e228,site_tokyo_001,building_A,level_2F,room_201,pac_007,dtmi:sbco:equipment:PackageAirConditioner:PAC_56GV:1,pac_007_status,operation_status,Status,,,,,11001,大会議室201 エアコン1 運転状態
9bc19746-0808-401c-a818-ffc96507bc4f,site_tokyo_001,building_A,level_2F,room_201,pac_008,dtmi:sbco:equipment:PackageAirConditioner:PAC_56GV:1,pac_008_power,switch,Command,Active_Power,,,,41011,大会議室201 エアコン2 電源
5a2de6d9-41e7-4ad2-96a2-077f89f6f100,site_tokyo_001,building_A,level_2F,room_201,pac_008,dtmi:sbco:equipment:PackageAirConditioner:PAC_56GV:1,pac_008_mode,operation_mode,Command,,,,,41012,大会議室201 エアコン2 運転モード
244f8d3a-c2b1-4d4d-9cd3-c7dfa2438450,site_tokyo_001,building_A,level_2F,room_201,pac_008,dtmi:sbco:equipment:PackageAirConditioner:PAC_56GV:1,pac_008_setpoint_temp,temperature_setpoint,Setpoint,Temperature,celsius,18,30,41013,大会議室201 エアコン2 設定温度
365da9ce-1b93-47b7-8039-4e0531f64573,site_tokyo_001,building_A,level_2F,room_201,pac_008,dtmi:sbco:equipment:PackageAirConditioner:PAC_56GV:1,pac_008_return_temp,temperature_sensor,Measurement,Dry_Bulb_Temperature,celsius,-10,50,31011,大会議室201 エアコン2 吸込温度
64f319b1-01aa-4823-b79b-aa1a54ad401b,site_tokyo_001,building_A,level_2F,room_201,pac_008,dtmi:sbco:equipment:PackageAirConditioner:PAC_56GV:1,pac_008_status,operation_status,Status,,,,,11011,大会議室201 エアコン2 運転状態
62233d27-3c2e-4099-87f1-76e1fad28440,site_tokyo_001,building_A,level_2F,room_201,pac_009,dtmi:sbco:equipment:PackageAirConditioner:PAC_56GV:1,pac_009_power,switch,Command,Active_Power,,,,41021,大会議室201 エアコン3 電源
d40d197e-d136-4a99-9e56-10f2dfb18757,site_tokyo_001,building_A,level_2F,room_201,pac_009,dtmi:sbco:equipment:PackageAirConditioner:PAC_56GV:1,pac_009_mode,operation_mode,Command,,,,,41022,大会議室201 エアコン3 運転モード
5805d31b-c582-42e2-b32c-65a20e162516,site_tokyo_001,building_A,level_2F,room_201,pac_009,dtmi:sbco:equipment:PackageAirConditioner:PAC_56GV:1,pac_009_setpoint_temp,temperature_setpoint,Setpoint,Temperature,celsius,18,30,41023,大会議室201 エアコン3 設定温度
ded51b57-f167-4cfc-9e88-a9398e2f1a95,site_tokyo_001,building_A,level_2F,room_201,pac_009,dtmi:sbco:equipment:PackageAirConditioner:PAC_56GV:1,pac_009_return_temp,temperature_sensor,Measurement,Dry_Bulb_Temperature,celsius,-10,50,31021,大会議室201 エアコン3 吸込温度
b994cd2c-eeaa-42c0-a27c-ed1196046c6e,site_tokyo_001,building_A,level_2F,room_201,pac_009,dtmi:sbco:equipment:PackageAirConditioner:PAC_56GV:1,pac_009_status,operation_status,Status,,,,,11021,大会議室201 エアコン3 運転状態
16443aa4-3df2-4586-a311-fbfdcfbc9f08,site_tokyo_001,building_A,level_2F,room_201,lighting_010,dtmi:sbco:equipment:LightingFixture:LED_PNL_60W:1,lighting_010_switch,light_switch,Command,,,,,DO61,大会議室201 照明1 スイッチ
7132d272-80cb-4e5c-94aa-8b114a1f0a95,site_tokyo_001,building_A,level_2F,room_201,lighting_010,dtmi:sbco:equipment:LightingFixture:LED_PNL_60W:1,lighting_010_dimmer,dimmer_level,Setpoint,,percent,0,100,AO61,大会議室201 照明1 調光レベル
27ebbe43-d521-4e40-8eaf-7bc075ff0d28,site_tokyo_001,building_A,level_2F,room_201,lighting_010,dtmi:sbco:equipment:LightingFixture:LED_PNL_60W:1,lighting_010_status,light_status,Status,,,,,DI61,大会議室201 照明1 点灯状態
a14c3604-ded8-4e27-ab22-9a8e2d1553bf,site_tokyo_001,building_A,level_2F,room_201,lighting_011,dtmi:sbco:equipment:LightingFixture:LED_PNL_60W:1,lighting_011_switch,light_switch,Command,,,,,DO62,大会議室201 照明2 スイッチ
0b9c8e4b-34bf-45de-9c0f-4e10d7e00a82,site_tokyo_001,building_A,level_2F,room_201,lighting_011,dtmi:sbco:equipment:LightingFixture:LED_PNL_60W:1,lighting_011_dimmer,dimmer_level,Setpoint,,percent,0,100,AO62,大会議室201 照明2 調光レベル
cbb2df3a-f82b-4aa8-93bb-4b69bd23c355,site_tokyo_001,building_A,level_2F,room_201,lighting_011,dtmi:sbco:equipment:LightingFixture:LED_PNL_60W:1,lighting_011_status,light_status,Status,,,,,DI62,大会議室201 照明2 点灯状態
b0a231c1-e5fc-468b-8f09-1d562469dc3b,site_tokyo_001,building_A,level_2F,room_201,lighting_012,dtmi:sbco:equipment:LightingFixture:LED_PNL_60W:1,lighting_012_switch,light_switch,Command,,,,,DO63,大会議室201 照明3 スイッチ
b02afbaf-64dc-4867-800e-fcf012abff91,site_tokyo_001,building_A,level_2F,room_201,lighting_012,dtmi:sbco:equipment:LightingFixture:LED_PNL_60W:1,lighting_012_dimmer,dimmer_level,Setpoint,,percent,0,100,AO63,大会議室201 照明3 調光レベル
a1dba23c-2e35-4075-94f4-f88b538cf4ea,site_tokyo_001,building_A,level_2F,room_201,lighting_012,dtmi:sbco:equipment:LightingFixture:LED_PNL_60W:1,lighting_012_status,light_status,Status,,,,,DI63,大会議室201 照明3 点灯状態
1b3af221-0bc6-4064-b0c2-e4e4f41e62e2,site_tokyo_001,building_A,level_2F,room_201,sensor_014,dtmi:sbco:equipment:EnvironmentalSensor:ENV_MULTI_01:1,sensor_014_temp,temperature_sensor,Measurement,Dry_Bulb_Temperature,celsius,-10,50,301,大会議室201 環境センサー1 温度
4fc74fe6-d428-4b45-8585-ec5c9e5a3345,site_tokyo_001,building_A,level_2F,room_201,sensor_014,dtmi:sbco:equipment:EnvironmentalSensor:ENV_MULTI_01:1,sensor_014_humidity,humidity_sensor,Measurement,Relative_Humidity,percent,0,100,302,大会議室201 環境センサー1 湿度
87c3ae30-51cd-4d26-86e0-3ccb0498278f,site_tokyo_001,building_A,level_2F,room_201,sensor_014,dtmi:sbco:equipment:EnvironmentalSensor:ENV_MULTI_01:1,sensor_014_co2,co2_sensor,Measurement,CO2_Concentration,ppm,0,5000,303,大会議室201 環境センサー1 CO2濃度
3528c358-ad18-46dc-8a2d-efd7af9440a5,site_tokyo_001,building_A,level_2F,room_201,sensor_014,dtmi:sbco:equipment:EnvironmentalSensor:ENV_MULTI_01:1,sensor_014_status,sensor_status,Status,,,,,400,大会議室201 環境センサー1 状態
279afa86-c3ee-4538-8743-c8d36ab81a00,site_tokyo_001,building_A,level_2F,room_201,sensor_015,dtmi:sbco:equipment:EnvironmentalSensor:ENV_MULTI_01:1,sensor_015_temp,temperature_sensor,Measurement,Dry_Bulb_Temperature,celsius,-10,50,311,大会議室201 環境センサー2 温度
67c276ee-5333-466e-ae91-995d7678ca07,site_tokyo_001,building_A,level_2F,room_201,sensor_015,dtmi:sbco:equipment:EnvironmentalSensor:ENV_MULTI_01:1,sensor_015_humidity,humidity_sensor,Measurement,Relative_Humidity,percent,0,100,312,大会議室201 環境センサー2 湿度
37a3e0b3-4142-43d8-989c-4e89f7af434b,site_tokyo_001,building_A,level_2F,room_201,sensor_015,dtmi:sbco:equipment:EnvironmentalSensor:ENV_MULTI_01:1,sensor_015_co2,co2_sensor,Measurement,CO2_Concentration,ppm,0,5000,313,大会議室201 環境センサー2 CO2濃度
f1f3f0aa-0bcd-4037-ab54-2be45688bc75,site_tokyo_001,building_A,level_2F,room_201,sensor_015,dtmi:sbco:equipment:EnvironmentalSensor:ENV_MULTI_01:1,sensor_015_status,sensor_status,Status,,,,,410,大会議室201 環境センサー2 状態
80b90b13-4d12-4250-a515-08e20e848451,site_tokyo_001,building_A,level_2F,room_201,sensor_016,dtmi:sbco:equipment:EnvironmentalSensor:TEMP_ONLY_01:1,sensor_016_temp,temperature_sensor,Measurement,Dry_Bulb_Temperature,celsius,-10,50,321,大会議室201 温度センサー3 温度
6364d341-be55-4e2b-86f7-e8ed97de9558,site_tokyo_001,building_A,level_2F,room_201,sensor_016,dtmi:sbco:equipment:EnvironmentalSensor:TEMP_ONLY_01:1,sensor_016_status,sensor_status,Status,,,,,420,大会議室201 温度センサー3 状態
ff42a4c1-20d5-408c-9385-c59f5175bbf2,site_tokyo_001,building_A,level_2F,room_202,pac_010,dtmi:sbco:equipment:PackageAirConditioner:PAC_28GV:1,pac_010_power,switch,Command,Active_Power,,,,41201,事務室202 エアコン1 電源
7fc780eb-57a0-4ba9-87b3-91eb07e92f8c,site_tokyo_001,building_A,level_2F,room_202,pac_010,dtmi:sbco:equipment:PackageAirConditioner:PAC_28GV:1,pac_010_mode,operation_mode,Command,,,,,41202,事務室202 エアコン1 運転モード
600a8d92-330d-4476-970c-1b2b1f76ef5b,site_tokyo_001,building_A,level_2F,room_202,pac_010,dtmi:sbco:equipment:PackageAirConditioner:PAC_28GV:1,pac_010_setpoint_temp,temperature_setpoint,Setpoint,Temperature,celsius,18,30,41203,事務室202 エアコン1 設定温度
f4182b6b-226a-494c-b2c4-6d9476badcd6,site_tokyo_001,building_A,level_2F,room_202,pac_010,dtmi:sbco:equipment:PackageAirConditioner:PAC_28GV:1,pac_010_return_temp,temperature_sensor,Measurement,Dry_Bulb_Temperature,celsius,-10,50,31201,事務室202 エアコン1 吸込温度
020d149a-fdc0-4393-8320-6fe998136832,site_tokyo_001,building_A,level_2F,room_202,pac_010,dtmi:sbco:equipment:PackageAirConditioner:PAC_28GV:1,pac_010_status,operation_status,Status,,,,,11201,事務室202 エアコン1 運転状態
404f9bdf-18d8-44f2-9a31-e06a54c2a68c,site_tokyo_001,building_A,level_2F,room_202,lighting_013,dtmi:sbco:equipment:LightingFixture:LED_PNL_40W:1,lighting_013_switch,light_switch,Command,,,,,DO71,事務室202 照明1 スイッチ
a6015e08-20b4-400c-b890-7404707707d0,site_tokyo_001,building_A,level_2F,room_202,lighting_013,dtmi:sbco:equipment:LightingFixture:LED_PNL_40W:1,lighting_013_dimmer,dimmer_level,Setpoint,,percent,0,100,AO71,事務室202 照明1 調光レベル
9147d8ad-e672-4bfd-912a-0bec86126cf3,site_tokyo_001,building_A,level_2F,room_202,lighting_013,dtmi:sbco:equipment:LightingFixture:LED_PNL_40W:1,lighting_013_status,light_status,Status,,,,,DI71,事務室202 照明1 点灯状態
99c85b89-ddf3-42b7-a67f-876ee595c58f,site_tokyo_001,building_A,level_2F,room_202,lighting_014,dtmi:sbco:equipment:LightingFixture:LED_PNL_40W:1,lighting_014_switch,light_switch,Command,,,,,DO72,事務室202 照明2 スイッチ
6ad2ecad-5d71-4838-9aaa-ba99bde279db,site_tokyo_001,building_A,level_2F,room_202,lighting_014,dtmi:sbco:equipment:LightingFixture:LED_PNL_40W:1,lighting_014_dimmer,dimmer_level,Setpoint,,percent,0,100,AO72,事務室202 照明2 調光レベル
150e537c-bf9b-4d50-bec4-7521cef4963c,site_tokyo_001,building_A,level_2F,room_202,lighting_014,dtmi:sbco:equipment:LightingFixture:LED_PNL_40W:1,lighting_014_status,light_status,Status,,,,,DI72,事務室202 照明2 点灯状態
6d92dbc5-76ac-4263-b2fb-f0599275de56,site_tokyo_001,building_A,level_2F,room_202,sensor_017,dtmi:sbco:equipment:EnvironmentalSensor:ENV_MULTI_01:1,sensor_017_temp,temperature_sensor,Measurement,Dry_Bulb_Temperature,celsius,-10,50,331,事務室202 環境センサー1 温度
95db9a92-b3ee-446b-af65-b540ab615295,site_tokyo_001,building_A,level_2F,room_202,sensor_017,dtmi:sbco:equipment:EnvironmentalSensor:ENV_MULTI_01:1,sensor_017_humidity,humidity_sensor,Measurement,Relative_Humidity,percent,0,100,332,事務室202 環境センサー1 湿度
b03975f0-7a70-4ce2-a2dc-54a7d822b4f3,site_tokyo_001,building_A,level_2F,room_202,sensor_017,dtmi:sbco:equipment:EnvironmentalSensor:ENV_MULTI_01:1,sensor_017_co2,co2_sensor,Measurement,CO2_Concentration,ppm,0,5000,333,事務室202 環境センサー1 CO2濃度
121a5a81-ecb3-453a-8814-cbaa1805bafd,site_tokyo_001,building_A,level_2F,room_202,sensor_017,dtmi:sbco:equipment:EnvironmentalSensor:ENV_MULTI_01:1,sensor_017_status,sensor_status,Status,,,,,430,事務室202 環境センサー1 状態
23f64550-8781-4574-8000-6835505828fb,site_tokyo_001,building_A,level_2F,room_202,sensor_018,dtmi:sbco:equipment:EnvironmentalSensor:TEMP_ONLY_01:1,sensor_018_temp,temperature_sensor,Measurement,Dry_Bulb_Temperature,celsius,-10,50,341,事務室202 温度センサー2 温度
c1ecf8e0-793a-4401-b09f-12bfb0324a13,site_tokyo_001,building_A,level_2F,room_202,sensor_018,dtmi:sbco:equipment:EnvironmentalSensor:TEMP_ONLY_01:1,sensor_018_status,sensor_status,Status,,,,,440,事務室202 温度センサー2 状態
3759cbc5-28af-458e-b0df-b5e8b6526693,site_tokyo_001,building_A,level_2F,room_203,pac_011,dtmi:sbco:equipment:PackageAirConditioner:PAC_28GV:1,pac_011_power,switch,Command,Active_Power,,,,41301,事務室203 エアコン1 電源
eabdb849-1456-4360-ba05-43f98858cd31,site_tokyo_001,building_A,level_2F,room_203,pac_011,dtmi:sbco:equipment:PackageAirConditioner:PAC_28GV:1,pac_011_mode,operation_mode,Command,,,,,41302,事務室203 エアコン1 運転モード
6e888d56-e434-44df-ab9a-ec25c278276a,site_tokyo_001,building_A,level_2F,room_203,pac_011,dtmi:sbco:equipment:PackageAirConditioner:PAC_28GV:1,pac_011_setpoint_temp,temperature_setpoint,Setpoint,Temperature,celsius,18,30,41303,事務室203 エアコン1 設定温度
0a361748-c0e5-4865-b736-84ab437d910f,site_tokyo_001,building_A,level_2F,room_203,pac_011,dtmi:sbco:equipment:PackageAirConditioner:PAC_28GV:1,pac_011_return_temp,temperature_sensor,Measurement,Dry_Bulb_Temperature,celsius,-10,50,31301,事務室203 エアコン1 吸込温度
601bed5c-1f8a-4443-8272-72ed1dc90e21,site_tokyo_001,building_A,level_2F,room_203,pac_011,dtmi:sbco:equipment:PackageAirConditioner:PAC_28GV:1,pac_011_status,operation_status,Status,,,,,11301,事務室203 エアコン1 運転状態
ac0ec54f-98ff-466c-a02c-2da5882fd00a,site_tokyo_001,building_A,level_2F,room_203,lighting_015,dtmi:sbco:equipment:LightingFixture:LED_PNL_40W:1,lighting_015_switch,light_switch,Command,,,,,DO81,事務室203 照明1 スイッチ
8470702e-a794-401e-9abf-587a2c49810b,site_tokyo_001,building_A,level_2F,room_203,lighting_015,dtmi:sbco:equipment:LightingFixture:LED_PNL_40W:1,lighting_015_dimmer,dimmer_level,Setpoint,,percent,0,100,AO81,事務室203 照明1 調光レベル
292ccf2f-61b6-48c4-816d-58d6f891ffc5,site_tokyo_001,building_A,level_2F,room_203,lighting_015,dtmi:sbco:equipment:LightingFixture:LED_PNL_40W:1,lighting_015_status,light_status,Status,,,,,DI81,事務室203 照明1 点灯状態
0dfad5fa-56c6-4dbf-84dc-3b5817e12c90,site_tokyo_001,building_A,level_2F,room_203,lighting_016,dtmi:sbco:equipment:LightingFixture:LED_PNL_40W:1,lighting_016_switch,light_switch,Command,,,,,DO82,事務室203 照明2 スイッチ
92484ff9-bf3c-44d2-8795-e7634a15042f,site_tokyo_001,building_A,level_2F,room_203,lighting_016,dtmi:sbco:equipment:LightingFixture:LED_PNL_40W:1,lighting_016_dimmer,dimmer_level,Setpoint,,percent,0,100,AO82,事務室203 照明2 調光レベル
f6d486b7-aff7-4854-bfcc-c87432716054,site_tokyo_001,building_A,level_2F,room_203,lighting_016,dtmi:sbco:equipment:LightingFixture:LED_PNL_40W:1,lighting_016_status,light_status,Status,,,,,DI82,事務室203 照明2 点灯状態
0670415c-6a03-4e03-8ac4-0cad7028228f,site_tokyo_001,building_A,level_2F,room_203,sensor_019,dtmi:sbco:equipment:EnvironmentalSensor:ENV_MULTI_01:1,sensor_019_temp,temperature_sensor,Measurement,Dry_Bulb_Temperature,celsius,-10,50,351,事務室203 環境センサー1 温度
81dea382-fbf0-4b73-9e94-e38c295dfe98,site_tokyo_001,building_A,level_2F,room_203,sensor_019,dtmi:sbco:equipment:EnvironmentalSensor:ENV_MULTI_01:1,sensor_019_humidity,humidity_sensor,Measurement,Relative_Humidity,percent,0,100,352,事務室203 環境センサー1 湿度
1027b991-3f5a-4b53-9907-605cabc2301d,site_tokyo_001,building_A,level_2F,room_203,sensor_019,dtmi:sbco:equipment:EnvironmentalSensor:ENV_MULTI_01:1,sensor_019_co2,co2_sensor,Measurement,CO2_Concentration,ppm,0,5000,353,事務室203 環境センサー1 CO2濃度
b7e2428f-6667-40e6-a180-21c64e7bf265,site_tokyo_001,building_A,level_2F,room_203,sensor_019,dtmi:sbco:equipment:EnvironmentalSensor:ENV_MULTI_01:1,sensor_019_status,sensor_status,Status,,,,,450,事務室203 環境センサー1 状態
0941e924-8b48-4a48-9570-f2d849289003,site_tokyo_001,building_A,level_2F,room_203,sensor_020,dtmi:sbco:equipment:EnvironmentalSensor:TEMP_ONLY_01:1,sensor_020_temp,temperature_sensor,Measurement,Dry_Bulb_Temperature,celsius,-10,50,361,事務室203 温度センサー2 温度
90701a13-fa4c-46c5-b9f0-6d640f5a74bd,site_tokyo_001,building_A,level_2F,room_203,sensor_020,dtmi:sbco:equipment:EnvironmentalSensor:TEMP_ONLY_01:1,sensor_020_status,sensor_status,Status,,,,,460,事務室203 温度センサー2 状態
f486c9fb-071a-4375-b2c7-f244fb1aa6c7,site_tokyo_001,building_A,level_2F,room_204,pac_012,dtmi:sbco:equipment:PackageAirConditioner:PAC_28GV:1,pac_012_power,switch,Command,Active_Power,,,,41401,応接室204 エアコン1 電源
4caf0cc9-2e84-4a75-b9ec-3cb96f3c34b1,site_tokyo_001,building_A,level_2F,room_204,pac_012,dtmi:sbco:equipment:PackageAirConditioner:PAC_28GV:1,pac_012_mode,operation_mode,Command,,,,,41402,応接室204 エアコン1 運転モード
781cf11e-46f5-4f98-a794-81ab16810e2f,site_tokyo_001,building_A,level_2F,room_204,pac_012,dtmi:sbco:equipment:PackageAirConditioner:PAC_28GV:1,pac_012_setpoint_temp,temperature_setpoint,Setpoint,Temperature,celsius,18,30,41403,応接室204 エアコン1 設定温度
dacf101d-00d1-4d77-8500-77e90ff71355,site_tokyo_001,building_A,level_2F,room_204,pac_012,dtmi:sbco:equipment:PackageAirConditioner:PAC_28GV:1,pac_012_return_temp,temperature_sensor,Measurement,Dry_Bulb_Temperature,celsius,-10,50,31401,応接室204 エアコン1 吸込温度
43b88274-3103-4d10-a467-f946dd335e99,site_tokyo_001,building_A,level_2F,room_204,pac_012,dtmi:sbco:equipment:PackageAirConditioner:PAC_28GV:1,pac_012_status,operation_status,Status,,,,,11401,応接室204 エアコン1 運転状態
3a63c17c-74aa-4b38-92c8-a6385d85ecc9,site_tokyo_001,building_A,level_2F,room_204,lighting_017,dtmi:sbco:equipment:LightingFixture:LED_DL_20W:1,lighting_017_switch,light_switch,Command,,,,,DO91,応接室204 ダウンライト1 スイッチ
362a71ce-967c-4711-a9c1-3f790ed028ed,site_tokyo_001,building_A,level_2F,room_204,lighting_017,dtmi:sbco:equipment:LightingFixture:LED_DL_20W:1,lighting_017_dimmer,dimmer_level,Setpoint,,percent,0,100,AO91,応接室204 ダウンライト1 調光レベル
9e3b94ea-9fac-492d-b6dc-0652483d0a48,site_tokyo_001,building_A,level_2F,room_204,lighting_017,dtmi:sbco:equipment:LightingFixture:LED_DL_20W:1,lighting_017_status,light_status,Status,,,,,DI91,応接室204 ダウンライト1 点灯状態
325927d2-72e2-400e-aea7-0da6773c134d,site_tokyo_001,building_A,level_2F,room_204,lighting_018,dtmi:sbco:equipment:LightingFixture:LED_DL_20W:1,lighting_018_switch,light_switch,Command,,,,,DO92,応接室204 ダウンライト2 スイッチ
efd2f9fc-4a4d-43c6-8839-bc0d9e939d20,site_tokyo_001,building_A,level_2F,room_204,lighting_018,dtmi:sbco:equipment:LightingFixture:LED_DL_20W:1,lighting_018_dimmer,dimmer_level,Setpoint,,percent,0,100,AO92,応接室204 ダウンライト2 調光レベル
4c09375b-a8b1-4184-820b-15cbfdd97e2c,site_tokyo_001,building_A,level_2F,room_204,lighting_018,dtmi:sbco:equipment:LightingFixture:LED_DL_20W:1,lighting_018_status,light_status,Status,,,,,DI92,応接室204 ダウンライト2 点灯状態
146c69c6-b1a7-4996-b0ff-d596f508fcdd,site_tokyo_001,building_A,level_2F,room_204,sensor_021,dtmi:sbco:equipment:EnvironmentalSensor:ENV_MULTI_01:1,sensor_021_temp,temperature_sensor,Measurement,Dry_Bulb_Temperature,celsius,-10,50,371,応接室204 環境センサー1 温度
79b5a55e-63cd-43fa-9a7b-5eb7c8d79ec3,site_tokyo_001,building_A,level_2F,room_204,sensor_021,dtmi:sbco:equipment:EnvironmentalSensor:ENV_MULTI_01:1,sensor_021_humidity,humidity_sensor,Measurement,Relative_Humidity,percent,0,100,372,応接室204 環境センサー1 湿度
5fa5d74a-179d-44d5-921a-5ff86eeb7101,site_tokyo_001,building_A,level_2F,room_204,sensor_021,dtmi:sbco:equipment:EnvironmentalSensor:ENV_MULTI_01:1,sensor_021_co2,co2_sensor,Measurement,CO2_Concentration,ppm,0,5000,373,応接室204 環境センサー1 CO2濃度
390b00d7-b19b-476f-bf4d-b779b213286b,site_tokyo_001,building_A,level_2F,room_204,sensor_021,dtmi:sbco:equipment:EnvironmentalSensor:ENV_MULTI_01:1,sensor_021_status,sensor_status,Status,,,,,470,応接室204 環境センサー1 状態
ae1b57ce-1941-4438-bb41-ecffe501ec1f,site_tokyo_001,building_A,level_2F,room_204,sensor_022,dtmi:sbco:equipment:EnvironmentalSensor:TEMP_ONLY_01:1,sensor_022_temp,temperature_sensor,Measurement,Dry_Bulb_Temperature,celsius,-10,50,381,応接室204 温度センサー2 温度
46b5c565-d593-4535-b016-107406e87543,site_tokyo_001,building_A,level_2F,room_204,sensor_022,dtmi:sbco:equipment:EnvironmentalSensor:TEMP_ONLY_01:1,sensor_022_status,sensor_status,Status,,,,,480,応接室204 温度センサー2 状態
dfd2b647-becd-43ac-8cbb-3a854835129c,site_tokyo_001,building_A,level_2F,room_205,lighting_019,dtmi:sbco:equipment:LightingFixture:LED_PNL_40W:1,lighting_019_switch,light_switch,Command,,,,,DO101,資料室205 照明1 スイッチ
0370a8bb-ed10-4198-8665-b4ca65e7611c,site_tokyo_001,building_A,level_2F,room_205,lighting_019,dtmi:sbco:equipment:LightingFixture:LED_PNL_40W:1,lighting_019_status,light_status,Status,,,,,DI101,資料室205 照明1 点灯状態
38f4f9b3-ac43-4cb3-90d9-f5a0302816a8,site_tokyo_001,building_A,level_2F,room_205,sensor_023,dtmi:sbco:equipment:EnvironmentalSensor:TEMP_ONLY_01:1,sensor_023_temp,temperature_sensor,Measurement,Dry_Bulb_Temperature,celsius,-10,50,391,資料室205 温度センサー1 温度
666ae1c8-ad3e-44f3-bb1b-5f87a0d274fe,site_tokyo_001,building_A,level_2F,room_205,sensor_023,dtmi:sbco:equipment:EnvironmentalSensor:TEMP_ONLY_01:1,sensor_023_status,sensor_status,Status,,,,,490,資料室205 温度センサー1 状態
d5fe98af-d20c-41a9-a0f9-14fa1fdcf7b2,site_tokyo_001,building_A,level_2F,room_205,sensor_024,dtmi:sbco:equipment:EnvironmentalSensor:TEMP_ONLY_01:1,sensor_024_temp,temperature_sensor,Measurement,Dry_Bulb_Temperature,celsius,-10,50,401,資料室205 温度センサー2 温度
f8fa5133-5ebd-4339-ac39-e9a33def7bea,site_tokyo_001,building_A,level_2F,room_205,sensor_024,dtmi:sbco:equipment:EnvironmentalSensor:TEMP_ONLY_01:1,sensor_024_status,sensor_status,Status,,,,,500,資料室205 温度センサー2 状態
bca8244f-538a-470a-a2e1-be6b236a97e4,site_tokyo_001,building_A,level_3F,room_301,pac_013,dtmi:sbco:equipment:PackageAirConditioner:PAC_28GV:1,pac_013_power,switch,Command,Active_Power,,,,42001,役員室301 エアコン1 電源
3d9309dc-45f8-4def-8563-237eca23268d,site_tokyo_001,building_A,level_3F,room_301,pac_013,dtmi:sbco:equipment:PackageAirConditioner:PAC_28GV:1,pac_013_mode,operation_mode,Command,,,,,42002,役員室301 エアコン1 運転モード
1b8a7cb9-d894-4055-827a-43cd4498a922,site_tokyo_001,building_A,level_3F,room_301,pac_013,dtmi:sbco:equipment:PackageAirConditioner:PAC_28GV:1,pac_013_setpoint_temp,temperature_setpoint,Setpoint,Temperature,celsius,18,30,42003,役員室301 エアコン1 設定温度
c224065d-f0a2-495c-984d-4d5b3d607963,site_tokyo_001,building_A,level_3F,room_301,pac_013,dtmi:sbco:equipment:PackageAirConditioner:PAC_28GV:1,pac_013_return_temp,temperature_sensor,Measurement,Dry_Bulb_Temperature,celsius,-10,50,32001,役員室301 エアコン1 吸込温度
d560743d-622c-4d91-b1a2-c92da8bc58cf,site_tokyo_001,building_A,level_3F,room_301,pac_013,dtmi:sbco:equipment:PackageAirConditioner:PAC_28GV:1,pac_013_status,operation_status,Status,,,,,12001,役員室301 エアコン1 運転状態
680e2fa6-b727-4d2d-847a-c019a1c8f823,site_tokyo_001,building_A,level_3F,room_301,lighting_020,dtmi:sbco:equipment:LightingFixture:LED_DL_20W:1,lighting_020_switch,light_switch,Command,,,,,DO111,役員室301 ダウンライト1 スイッチ
b9e3bd97-b392-44ba-b33d-3acd1a257af7,site_tokyo_001,building_A,level_3F,room_301,lighting_020,dtmi:sbco:equipment:LightingFixture:LED_DL_20W:1,lighting_020_dimmer,dimmer_level,Setpoint,,percent,0,100,AO111,役員室301 ダウンライト1 調光レベル
10c2a128-3cc7-48d8-9de9-2efe74b8dda1,site_tokyo_001,building_A,level_3F,room_301,lighting_020,dtmi:sbco:equipment:LightingFixture:LED_DL_20W:1,lighting_020_status,light_status,Status,,,,,DI111,役員室301 ダウンライト1 点灯状態
69492076-eadd-48b0-b39f-8bf66b2aeb79,site_tokyo_001,building_A,level_3F,room_301,lighting_021,dtmi:sbco:equipment:LightingFixture:LED_DL_20W:1,lighting_021_switch,light_switch,Command,,,,,DO112,役員室301 ダウンライト2 スイッチ
b43d11dc-172f-4f18-aeff-c49007c61e58,site_tokyo_001,building_A,level_3F,room_301,lighting_021,dtmi:sbco:equipment:LightingFixture:LED_DL_20W:1,lighting_021_dimmer,dimmer_level,Setpoint,,percent,0,100,AO112,役員室301 ダウンライト2 調光レベル
f9fe0037-0308-42d0-95e3-7235d62d5b35,site_tokyo_001,building_A,level_3F,room_301,lighting_021,dtmi:sbco:equipment:LightingFixture:LED_DL_20W:1,lighting_021_status,light_status,Status,,,,,DI112,役員室301 ダウンライト2 点灯状態
9a652993-c58f-496d-b06a-a25da7c674a6,site_tokyo_001,building_A,level_3F,room_301,lighting_022,dtmi:sbco:equipment:LightingFixture:LED_DL_20W:1,lighting_022_switch,light_switch,Command,,,,,DO113,役員室301 ダウンライト3 スイッチ
cbad536d-e03e-4fca-8e4d-b0d1159201a1,site_tokyo_001,building_A,level_3F,room_301,lighting_022,dtmi:sbco:equipment:LightingFixture:LED_DL_20W:1,lighting_022_dimmer,dimmer_level,Setpoint,,percent,0,100,AO113,役員室301 ダウンライト3 調光レベル
cdfb8b37-5e4d-4759-b96b-500dd387565e,site_tokyo_001,building_A,level_3F,room_301,lighting_022,dtmi:sbco:equipment:LightingFixture:LED_DL_20W:1,lighting_022_status,light_status,Status,,,,,DI113,役員室301 ダウンライト3 点灯状態
e3dd1622-8ffa-449e-a128-89eb4236efd8,site_tokyo_001,building_A,level_3F,room_301,sensor_025,dtmi:sbco:equipment:EnvironmentalSensor:ENV_MULTI_01:1,sensor_025_temp,temperature_sensor,Measurement,Dry_Bulb_Temperature,celsius,-10,50,501,役員室301 環境センサー1 温度
747d0cf3-96e0-4b2f-8dce-ff4c92a5cbf0,site_tokyo_001,building_A,level_3F,room_301,sensor_025,dtmi:sbco:equipment:EnvironmentalSensor:ENV_MULTI_01:1,sensor_025_humidity,humidity_sensor,Measurement,Relative_Humidity,percent,0,100,502,役員室301 環境センサー1 湿度
48548b35-c1c0-4f0b-9376-a395a84665e6,site_tokyo_001,building_A,level_3F,room_301,sensor_025,dtmi:sbco:equipment:EnvironmentalSensor:ENV_MULTI_01:1,sensor_025_co2,co2_sensor,Measurement,CO2_Concentration,ppm,0,5000,503,役員室301 環境センサー1 CO2濃度
c7989833-616a-4da6-b812-f50d76961996,site_tokyo_001,building_A,level_3F,room_301,sensor_025,dtmi:sbco:equipment:EnvironmentalSensor:ENV_MULTI_01:1,sensor_025_status,sensor_status,Status,,,,,600,役員室301 環境センサー1 状態
8f3d818f-5204-4871-9355-ccdc007bd67f,site_tokyo_001,building_A,level_3F,room_301,sensor_026,dtmi:sbco:equipment:EnvironmentalSensor:TEMP_ONLY_01:1,sensor_026_temp,temperature_sensor,Measurement,Dry_Bulb_Temperature,celsius,-10,50,511,役員室301 温度センサー2 温度
9461b591-2228-4b8b-b465-5e4f6720ba2a,site_tokyo_001,building_A,level_3F,room_301,sensor_026,dtmi:sbco:equipment:EnvironmentalSensor:TEMP_ONLY_01:1,sensor_026_status,sensor_status,Status,,,,,610,役員室301 温度センサー2 状態
cc56149c-efbd-4a13-b0c5-2e7bcb666f5b,site_tokyo_001,building_A,level_3F,room_302,pac_014,dtmi:sbco:equipment:PackageAirConditioner:PAC_28GV:1,pac_014_power,switch,Command,Active_Power,,,,42101,秘書室302 エアコン1 電源
1a2cb83e-70b2-4ee8-a351-514ea638b3d8,site_tokyo_001,building_A,level_3F,room_302,pac_014,dtmi:sbco:equipment:PackageAirConditioner:PAC_28GV:1,pac_014_mode,operation_mode,Command,,,,,42102,秘書室302 エアコン1 運転モード
e944bbc9-bc62-43c5-afae-ab82ba8b15d8,site_tokyo_001,building_A,level_3F,room_302,pac_014,dtmi:sbco:equipment:PackageAirConditioner:PAC_28GV:1,pac_014_setpoint_temp,temperature_setpoint,Setpoint,Temperature,celsius,18,30,42103,秘書室302 エアコン1 設定温度
ffec7926-77a0-4d0b-ac3d-586ce36e0d77,site_tokyo_001,building_A,level_3F,room_302,pac_014,dtmi:sbco:equipment:PackageAirConditioner:PAC_28GV:1,pac_014_return_temp,temperature_sensor,Measurement,Dry_Bulb_Temperature,celsius,-10,50,32101,秘書室302 エアコン1 吸込温度
68427269-15fc-4011-839b-0bf854e6a73e,site_tokyo_001,building_A,level_3F,room_302,pac_014,dtmi:sbco:equipment:PackageAirConditioner:PAC_28GV:1,pac_014_status,operation_status,Status,,,,,12101,秘書室302 エアコン1 運転状態
8da80e50-e74b-49fa-bb67-e2685bed9f17,site_tokyo_001,building_A,level_3F,room_302,lighting_023,dtmi:sbco:equipment:LightingFixture:LED_PNL_40W:1,lighting_023_switch,light_switch,Command,,,,,DO121,秘書室302 照明1 スイッチ
6eeb34d3-045d-470e-a080-0063413e34a8,site_tokyo_001,building_A,level_3F,room_302,lighting_023,dtmi:sbco:equipment:LightingFixture:LED_PNL_40W:1,lighting_023_dimmer,dimmer_level,Setpoint,,percent,0,100,AO121,秘書室302 照明1 調光レベル
a86467a0-8a66-4240-81ae-14b150bfbb3e,site_tokyo_001,building_A,level_3F,room_302,lighting_023,dtmi:sbco:equipment:LightingFixture:LED_PNL_40W:1,lighting_023_status,light_status,Status,,,,,DI121,秘書室302 照明1 点灯状態
18323ea4-f8ca-416a-8039-6a85f5e3c92f,site_tokyo_001,building_A,level_3F,room_302,sensor_027,dtmi:sbco:equipment:EnvironmentalSensor:ENV_MULTI_01:1,sensor_027_temp,temperature_sensor,Measurement,Dry_Bulb_Temperature,celsius,-10,50,521,秘書室302 環境センサー1 温度
595fa2e1-2e2f-4316-8a15-2eeffe43815f,site_tokyo_001,building_A,level_3F,room_302,sensor_027,dtmi:sbco:equipment:EnvironmentalSensor:ENV_MULTI_01:1,sensor_027_humidity,humidity_sensor,Measurement,Relative_Humidity,percent,0,100,522,秘書室302 環境センサー1 湿度
79ae649e-1013-4c7a-acc5-09b0699bf7f2,site_tokyo_001,building_A,level_3F,room_302,sensor_027,dtmi:sbco:equipment:EnvironmentalSensor:ENV_MULTI_01:1,sensor_027_co2,co2_sensor,Measurement,CO2_Concentration,ppm,0,5000,523,秘書室302 環境センサー1 CO2濃度
618fa3d3-49bf-4222-8c81-84ae0e896057,site_tokyo_001,building_A,level_3F,room_302,sensor_027,dtmi:sbco:equipment:EnvironmentalSensor:ENV_MULTI_01:1,sensor_027_status,sensor_status,Status,,,,,620,秘書室302 環境センサー1 状態
45d76ddb-961d-4953-bd7d-e2aed715fc1e,site_tokyo_001,building_A,level_3F,room_303,pac_015,dtmi:sbco:equipment:PackageAirConditioner:PAC_28GV:1,pac_015_power,switch,Command,Active_Power,,,,42201,会議室303 エアコン1 電源
226e234a-9646-4ef8-b24f-8b61337e3f02,site_tokyo_001,building_A,level_3F,room_303,pac_015,dtmi:sbco:equipment:PackageAirConditioner:PAC_28GV:1,pac_015_mode,operation_mode,Command,,,,,42202,会議室303 エアコン1 運転モード
e32f7ae3-4dad-40a8-9bd9-c7dae5dbe800,site_tokyo_001,building_A,level_3F,room_303,pac_015,dtmi:sbco:equipment:PackageAirConditioner:PAC_28GV:1,pac_015_setpoint_temp,temperature_setpoint,Setpoint,Temperature,celsius,18,30,42203,会議室303 エアコン1 設定温度
4ee3b6cb-1a9a-4eb9-8f50-6e13609167e2,site_tokyo_001,building_A,level_3F,room_303,pac_015,dtmi:sbco:equipment:PackageAirConditioner:PAC_28GV:1,pac_015_return_temp,temperature_sensor,Measurement,Dry_Bulb_Temperature,celsius,-10,50,32201,会議室303 エアコン1 吸込温度
3f516cf0-aeed-4957-987e-54daf2b8a856,site_tokyo_001,building_A,level_3F,room_303,pac_015,dtmi:sbco:equipment:PackageAirConditioner:PAC_28GV:1,pac_015_status,operation_status,Status,,,,,12201,会議室303 エアコン1 運転状態
b4cfb0af-7202-4e21-ba70-29a75f9549f1,site_tokyo_001,building_A,level_3F,room_303,lighting_024,dtmi:sbco:equipment:LightingFixture:LED_PNL_40W:1,lighting_024_switch,light_switch,Command,,,,,DO131,会議室303 照明1 スイッチ
97968437-0926-4064-99d1-b7e574aca67d,site_tokyo_001,building_A,level_3F,room_303,lighting_024,dtmi:sbco:equipment:LightingFixture:LED_PNL_40W:1,lighting_024_dimmer,dimmer_level,Setpoint,,percent,0,100,AO131,会議室303 照明1 調光レベル
bb6c92ba-0539-46ae-8960-7b6687c2d7c8,site_tokyo_001,building_A,level_3F,room_303,lighting_024,dtmi:sbco:equipment:LightingFixture:LED_PNL_40W:1,lighting_024_status,light_status,Status,,,,,DI131,会議室303 照明1 点灯状態
7b300a55-b775-42f8-a30e-3bf9cc42ce7a,site_tokyo_001,building_A,level_3F,room_303,lighting_025,dtmi:sbco:equipment:LightingFixture:LED_PNL_40W:1,lighting_025_switch,light_switch,Command,,,,,DO132,会議室303 照明2 スイッチ
adf4f01a-7ead-4cf1-abb6-2f4c6bb3b0d3,site_tokyo_001,building_A,level_3F,room_303,lighting_025,dtmi:sbco:equipment:LightingFixture:LED_PNL_40W:1,lighting_025_dimmer,dimmer_level,Setpoint,,percent,0,100,AO132,会議室303 照明2 調光レベル
cd7b9bdc-f7da-48b8-ac8d-b479d89a17f2,site_tokyo_001,building_A,level_3F,room_303,lighting_025,dtmi:sbco:equipment:LightingFixture:LED_PNL_40W:1,lighting_025_status,light_status,Status,,,,,DI132,会議室303 照明2 点灯状態
af3b84b1-a7d4-41e8-aa98-de0f08ed5c0f,site_tokyo_001,building_A,level_3F,room_303,sensor_028,dtmi:sbco:equipment:EnvironmentalSensor:ENV_MULTI_01:1,sensor_028_temp,temperature_sensor,Measurement,Dry_Bulb_Temperature,celsius,-10,50,531,会議室303 環境センサー1 温度
9ce8ec7e-0522-47c1-8009-e25758f88115,site_tokyo_001,building_A,level_3F,room_303,sensor_028,dtmi:sbco:equipment:EnvironmentalSensor:ENV_MULTI_01:1,sensor_028_humidity,humidity_sensor,Measurement,Relative_Humidity,percent,0,100,532,会議室303 環境センサー1 湿度
a0c27ac3-739b-4b06-9d8c-05842e6d9c95,site_tokyo_001,building_A,level_3F,room_303,sensor_028,dtmi:sbco:equipment:EnvironmentalSensor:ENV_MULTI_01:1,sensor_028_co2,co2_sensor,Measurement,CO2_Concentration,ppm,0,5000,533,会議室303 環境センサー1 CO2濃度
b52a6a55-749e-45f0-b5ba-8cc6584016fb,site_tokyo_001,building_A,level_3F,room_303,sensor_028,dtmi:sbco:equipment:EnvironmentalSensor:ENV_MULTI_01:1,sensor_028_status,sensor_status,Status,,,,,630,会議室303 環境センサー1 状態
62972a38-828e-4bb9-9969-8dc210f31b10,site_tokyo_001,building_A,level_3F,room_303,sensor_029,dtmi:sbco:equipment:EnvironmentalSensor:TEMP_ONLY_01:1,sensor_029_temp,temperature_sensor,Measurement,Dry_Bulb_Temperature,celsius,-10,50,541,会議室303 温度センサー2 温度
4222df44-fe22-48e5-ba55-701aa60e3bf5,site_tokyo_001,building_A,level_3F,room_303,sensor_029,dtmi:sbco:equipment:EnvironmentalSensor:TEMP_ONLY_01:1,sensor_029_status,sensor_status,Status,,,,,640,会議室303 温度センサー2 状態
20af30f8-4808-43de-b1a9-30c693011b63,site_tokyo_001,building_A,level_3F,room_304,lighting_026,dtmi:sbco:equipment:LightingFixture:LED_PNL_40W:1,lighting_026_switch,light_switch,Command,,,,,DO141,ラウンジ304 照明1 スイッチ
028a3d93-823a-4b42-8ab8-6cf9aab066ac,site_tokyo_001,building_A,level_3F,room_304,lighting_026,dtmi:sbco:equipment:LightingFixture:LED_PNL_40W:1,lighting_026_dimmer,dimmer_level,Setpoint,,percent,0,100,AO141,ラウンジ304 照明1 調光レベル
0d3940b5-b2b4-4285-8bb6-461dc6461ba6,site_tokyo_001,building_A,level_3F,room_304,lighting_026,dtmi:sbco:equipment:LightingFixture:LED_PNL_40W:1,lighting_026_status,light_status,Status,,,,,DI141,ラウンジ304 照明1 点灯状態
062a605c-3c5b-4ec1-b3c7-c08d5086c9c3,site_tokyo_001,building_A,level_3F,room_304,lighting_027,dtmi:sbco:equipment:LightingFixture:LED_PNL_40W:1,lighting_027_switch,light_switch,Command,,,,,DO142,ラウンジ304 照明2 スイッチ
49b3f72b-2815-4af4-9c52-63e9b604ae63,site_tokyo_001,building_A,level_3F,room_304,lighting_027,dtmi:sbco:equipment:LightingFixture:LED_PNL_40W:1,lighting_027_dimmer,dimmer_level,Setpoint,,percent,0,100,AO142,ラウンジ304 照明2 調光レベル
aa3b4db7-3840-423e-ad83-e78410e9c03c,site_tokyo_001,building_A,level_3F,room_304,lighting_027,dtmi:sbco:equipment:LightingFixture:LED_PNL_40W:1,lighting_027_status,light_status,Status,,,,,DI142,ラウンジ304 照明2 点灯状態
fb949d96-4879-423a-b0e7-e5369f684810,site_tokyo_001,building_A,level_3F,room_304,sensor_030,dtmi:sbco:equipment:EnvironmentalSensor:ENV_MULTI_01:1,sensor_030_temp,temperature_sensor,Measurement,Dry_Bulb_Temperature,celsius,-10,50,551,ラウンジ304 環境センサー1 温度
3c97b796-60e6-4ab9-a81e-b44efe0547b0,site_tokyo_001,building_A,level_3F,room_304,sensor_030,dtmi:sbco:equipment:EnvironmentalSensor:ENV_MULTI_01:1,sensor_030_humidity,humidity_sensor,Measurement,Relative_Humidity,percent,0,100,552,ラウンジ304 環境センサー1 湿度
3c3c0f3f-2ec8-448c-9409-14e04922a04d,site_tokyo_001,building_A,level_3F,room_304,sensor_030,dtmi:sbco:equipment:EnvironmentalSensor:ENV_MULTI_01:1,sensor_030_co2,co2_sensor,Measurement,CO2_Concentration,ppm,0,5000,553,ラウンジ304 環境センサー1 CO2濃度
498f1233-42d7-44ec-b0ea-5074b9d6f3df,site_tokyo_001,building_A,level_3F,room_304,sensor_030,dtmi:sbco:equipment:EnvironmentalSensor:ENV_MULTI_01:1,sensor_030_status,sensor_status,Status,,,,,650,ラウンジ304 環境センサー1 状態
9de8082a-66e0-4d43-80ee-03b3d36b1df5,site_tokyo_001,building_A,level_3F,room_304,sensor_031,dtmi:sbco:equipment:EnvironmentalSensor:TEMP_ONLY_01:1,sensor_031_temp,temperature_sensor,Measurement,Dry_Bulb_Temperature,celsius,-10,50,561,ラウンジ304 温度センサー2 温度
6dcd3f7e-4744-4700-9460-d8c0ffae4cb0,site_tokyo_001,building_A,level_3F,room_304,sensor_031,dtmi:sbco:equipment:EnvironmentalSensor:TEMP_ONLY_01:1,sensor_031_status,sensor_status,Status,,,,,660,ラウンジ304 温度センサー2 状態
685b2b42-db8f-4840-8ce9-3ba3f454782a,site_tokyo_001,building_A,level_3F,room_304,sensor_032,dtmi:sbco:equipment:EnvironmentalSensor:TEMP_ONLY_01:1,sensor_032_temp,temperature_sensor,Measurement,Dry_Bulb_Temperature,celsius,-10,50,571,ラウンジ304 温度センサー3 温度
7336c786-c98d-4b57-8f0e-bdc9f1925595,site_tokyo_001,building_A,level_3F,room_304,sensor_032,dtmi:sbco:equipment:EnvironmentalSensor:TEMP_ONLY_01:1,sensor_032_status,sensor_status,Status,,,,,670,ラウンジ304 温度センサー3 状態
